-119.691325,36.6267595,461
-119.6913075,36.626922,461
-119.6912835,36.635937,465
-119.6912535,36.64099831,347
-119.6912525,36.636175,465
-119.69111,36.635289,495
-119.6910465,36.634799,662
-119.691028,36.637777,397
-119.691012,36.64086,347
-119.690996,36.624279,380
-119.6909891,36.6246953,350
-119.6909815,36.62516022,3
-119.69098,36.626429,426
-119.6909796,36.6260142,177
-119.6909791,36.62554377,159
-119.6909555,36.62753,868
-119.6909435,36.6352055,495
-119.690943,36.6296585,367
-119.6909161,36.63005025,911
-119.6909075,36.617787,257
-119.6909036,36.63062025,606
-119.6908778,36.62833644,356
-119.690872,36.63480784,662
-119.6908703,36.62793638,537
-119.6908674,36.62886036,809
-119.6908637,36.62869773,809
-119.6908562,36.62907137,496
-119.6908525,36.6376785,397
-119.6908345,36.628511,356
-119.6908266,36.62812275,537
-119.69082,36.629266,496
-119.6907857,36.62515477,3
-119.6907836,36.62554834,159
-119.690771,36.61757655,257
-119.690766,36.62429618,380
-119.690762,36.6247215,350
-119.690758,36.625991,177
-119.6907557,36.62640599,426
-119.6907199,36.62687038,491
-119.6907024,36.62968452,367
-119.690686,36.62754,178
-119.6905809,36.6255362,159
-119.6905632,36.62515687,3
-119.6905464,36.62430617,78
-119.690542,36.62468771,81
-119.6905355,36.626427,53
-119.6905338,36.62601554,36
-119.6904982,36.62686733,491
-119.6904977,36.63012575,575
-119.6904945,36.6175605,25
-119.69049,36.6305495,970
-119.6904563,36.63468412,121
-119.6904544,36.629691,910
-119.6904515,36.634986,121
-119.690428,36.62751186,178
-119.6903728,36.61801069,879
-119.6903728,36.61837975,372
-119.690348,36.624271,78
-119.6903463,36.62469128,81
-119.690341,36.6251255,441
-119.69034,36.628359,392
-119.6903379,36.62640231,53
-119.690336,36.625989,36
-119.6903336,36.62556665,355
-119.6903305,36.6287655,570
-119.6903301,36.62798888,894
-119.6902824,36.62925724,785
-119.6902818,36.61756983,25
-119.6902621,36.62905956,785
-119.6902589,36.62687977,689
-119.6902243,36.62968977,684
-119.690176,36.6184005,372
-119.6901511,36.62751383,873
-119.6901479,36.62430295,78
-119.6901432,36.62467393,81
-119.6901329,36.62601895,36
-119.6901226,36.6251532,441
-119.6901225,36.626426,53
-119.6901155,36.62554313,355
-119.6901114,36.62880394,570
-119.6900985,36.630578,921
-119.6900928,36.62833399,392
-119.690089,36.630021,993
-119.6900759,36.61757926,25
-119.6900528,36.62797163,205
-119.6900496,36.62687012,689
-119.6900315,36.62383128,165
-119.6899975,36.62969594,684
-119.6899695,36.6179945,777
-119.6899655,36.61838152,497
-119.6899543,36.63486295,13
-119.6899385,36.62924038,478
-119.6899349,36.62749959,873
-119.6899056,36.62429547,290
-119.6899023,36.62515604,260
-119.6898995,36.6247175,742
-119.6898958,36.62639716,536
-119.6898945,36.625568,353
-119.6898915,36.625987,744
-119.6898895,36.636813,857
-119.689869,36.61759,374
-119.6898598,36.62879614,930
-119.6898505,36.628363,364
-119.6898357,36.62686371,567
-119.6898225,36.62385,165
-119.6898086,36.63483937,13
-119.689794,36.636327,234
-119.6897842,36.62798325,205
-119.6897766,36.61801466,777
-119.689775,36.6305105,227
-119.6897691,36.61839332,497
-119.6897185,36.6297005,827
-119.6897117,36.63653853,234
-119.6897032,36.62430612,290
-119.6897015,36.6246829,742
-119.6896939,36.62515092,260
-119.6896922,36.62601263,744
-119.689692,36.616795,24
-119.6896895,36.6255725,353
-119.6896859,36.62640035,536
-119.6896833,36.62919492,478
-119.6896812,36.61712455,765
-119.6896775,36.616959,24
-119.6896725,36.61757003,374
-119.689668,36.6275325,312
-119.6896661,36.6172853,765
-119.6896515,36.6348085,13
-119.689637,36.62832296,364
-119.6896206,36.62880452,187
-119.6896125,36.626866,567
-119.6896107,36.62380233,267
-119.6895941,36.6165826,24
-119.689586,36.6349265,13
-119.6895635,36.618379,557
-119.689557,36.61801223,784
-119.6895548,36.63035518,227
-119.6895135,36.6279565,422
-119.689444,36.627542,312
-119.689442,36.629343,883
-119.689389,36.62885066,187
-119.689377,36.634658,256
-119.6893585,36.618396,557
-119.6893582,36.61800697,784
-119.6893574,36.62379256,267
-119.6893528,36.63017268,888
-119.6893488,36.61919162,7
-119.6893471,36.62688705,237
-119.6893438,36.61650904,734
-119.6892672,36.62843003,754
-119.6892628,36.62922635,55
-119.6892476,36.62798532,422
-119.6892295,36.6282525,754
-119.689222,36.62440331,15
-119.6892175,36.6251515,343
-119.689216,36.625544,774
-119.689209,36.625354,343
-119.6892075,36.626112,776
-119.6892004,36.62670043,237
-119.6891964,36.62750548,262
-119.6891896,36.62997615,243
-119.6891892,36.62496561,59
-119.6891889,36.62459797,59
-119.6891846,36.62478295,59
-119.6891794,36.62630982,787
-119.6891764,36.62592893,776
-119.6891762,36.62572796,774
-119.6891758,36.62422582,15
-119.6891591,36.62401778,15
-119.6891585,36.6346965,256
-119.6891575,36.62907683,55
-119.6891575,36.63418017,788
-119.689155,36.61839116,503
-119.689153,36.619184,7
-119.6891515,36.616536,734
-119.6891487,36.61801364,393
-119.6891478,36.62649528,787
-119.6891475,36.6175815,632
-119.689137,36.617115,568
-119.6891346,36.61695233,568
-119.6891085,36.619631,6
-119.6890066,36.62979815,243
-119.689,36.628957,55
-119.6889535,36.618379,503
-119.6889475,36.616532,492
-119.6889471,36.61800888,393
-119.6889465,36.627514,262
-119.6889439,36.6355142,840
-119.6889419,36.61919636,7
-119.6889395,36.6175945,632
-119.6888951,36.6196218,6
-119.688881,36.634696,705
-119.688839,36.6348495,705
-119.6888253,36.63417125,153
-119.6888104,36.62657181,143
-119.6887985,36.629633,695
-119.6887785,36.62601309,806
-119.6887783,36.62403635,608
-119.688756,36.624781,514
-119.6887543,36.62677793,143
-119.6887536,36.62565788,847
-119.6887503,36.62529791,408
-119.6887455,36.625854,806
-119.6887455,36.6263765,773
-119.6887416,36.61839062,771
-119.6887415,36.624951,514
-119.68874,36.616531,492
-119.68874,36.6262095,773
-119.6887385,36.624422,793
-119.6887375,36.624596,793
-119.688737,36.61801826,738
-119.688737,36.625496,847
-119.6887345,36.624245,608
-119.688733,36.6251355,408
-119.6887326,36.61757935,724
-119.6887304,36.61919492,559
-119.6887175,36.6283265,542
-119.6886795,36.619641,6
-119.6886794,36.62789162,980
-119.688679,36.61712,225
-119.6886633,36.62813461,542
-119.6886515,36.616951,225
-119.6886298,36.62860309,892
-119.68861,36.617297,225
-119.6885999,36.63397454,153
-119.6885976,36.62386771,208
-119.6885724,36.62752064,956
-119.6885565,36.629332,298
-119.6885415,36.61839633,771
-119.6885371,36.61799975,738
-119.6885364,36.61758572,724
-119.688536,36.616533,462
-119.6885295,36.619193,559
-119.6885262,36.62689531,179
-119.6884685,36.635469,501
-119.688348,36.623847,208
-119.6883365,36.6184085,762
-119.688336,36.61654553,462
-119.6883319,36.61801594,420
-119.688327,36.6175945,11
-119.688317,36.62918011,298
-119.6882972,36.62690132,179
-119.6882599,36.62602371,530
-119.6882477,36.6243176,544
-119.688245,36.625583,717
-119.688241,36.625173,548
-119.6882369,36.62471784,360
-119.688234,36.634222,254
-119.688233,36.6264295,357
-119.6882309,36.6347697,814
-119.6881985,36.63404,254
-119.6881735,36.62022707,202
-119.6881445,36.61838818,762
-119.68813,36.61758031,11
-119.6881279,36.61654545,455
-119.6881265,36.618001,420
-119.6881207,36.62384844,642
-119.6880703,36.61729554,269
-119.6880505,36.616955,269
-119.688038,36.62689537,899
-119.688033,36.617121,269
-119.6880271,36.62556237,717
-119.6880235,36.626432,357
-119.6880218,36.6342444,254
-119.6880216,36.62472718,360
-119.688019,36.62430823,544
-119.6880162,36.62601391,530
-119.688016,36.6251505,548
-119.6880105,36.61962,430
-119.6879918,36.62049353,202
-119.6879247,36.6183921,160
-119.687923,36.616535,455
-119.687919,36.633687,835
-119.6879183,36.61801947,17
-119.6879165,36.61759022,11
-119.687914,36.6238815,642
-119.6878824,36.63329488,467
-119.6878659,36.63352397,835
-119.6878575,36.6330975,467
-119.6878026,36.61962491,430
-119.687796,36.626005,674
-119.6877939,36.62516553,509
-119.6877915,36.633863,211
-119.6877896,36.62557707,701
-119.687787,36.62472896,732
-119.6877868,36.63375225,211
-119.6877822,36.62432247,740
-119.6877547,36.62644414,249
-119.6877416,36.63467038,661
-119.6877348,36.63406035,211
-119.6877228,36.61839738,160
-119.687717,36.6179995,17
-119.6877148,36.61654042,720
-119.6877078,36.63771991,301
-119.6876805,36.6238795,673
-119.6876599,36.63794731,301
-119.687598,36.62558145,701
-119.6875947,36.62601911,674
-119.6875865,36.625148,509
-119.6875794,36.62471819,732
-119.6875793,36.62432289,740
-119.6875705,36.61727,161
-119.6875665,36.61694386,161
-119.6875639,36.61743591,331
-119.6875635,36.61759596,331
-119.6875625,36.617107,161
-119.6875305,36.61838619,160
-119.6875235,36.6264495,249
-119.6875176,36.62687147,307
-119.6875155,36.616546,720
-119.687513,36.618001,17
-119.6874768,36.62386225,673
-119.6874408,36.63753831,850
-119.6873991,36.63423502,335
-119.6873707,36.62605944,28
-119.6873692,36.6255501,391
-119.6873626,36.62468501,464
-119.6873625,36.6380255,896
-119.6873601,36.62519975,433
-119.6873449,36.62432242,739
-119.6872756,36.63243999,849
-119.6872581,36.62692739,307
-119.6872375,36.6238835,626
-119.6872254,36.62638172,28
-119.6872063,36.63319535,581
-119.6871507,36.6375182,588
-119.6871431,36.62432167,739
-119.6871405,36.634181,335
-119.6871281,36.62467968,464
-119.6871119,36.62522301,433
-119.6871085,36.6255252,391
-119.687105,36.62608353,28
-119.6870935,36.6379886,479
-119.6870547,36.61661432,103
-119.6870465,36.61781,446
-119.6870415,36.6183055,195
-119.6870331,36.61797459,446
-119.6870318,36.61714932,646
-119.6870315,36.617647,431
-119.6870285,36.61814,195
-119.6870275,36.623875,626
-119.687027,36.616984,103
-119.687027,36.6174835,431
-119.687026,36.6186365,938
-119.687024,36.63729466,881
-119.6870205,36.617317,646
-119.6870147,36.61846496,195
-119.6870125,36.61682,103
-119.6869638,36.62652027,132
-119.6869524,36.62679446,132
-119.6869515,36.6250455,375
-119.6869512,36.62484666,375
-119.6869467,36.63751479,588
-119.6869466,36.6413895,14
-119.6869456,36.63711412,881
-119.6869267,36.62569256,580
-119.6869265,36.62591383,580
-119.6868901,36.62432244,935
-119.6868858,36.63799291,479
-119.686805,36.63697013,569
-119.6867655,36.641078,14
-119.686676,36.63535166,893
-119.6866658,36.63684507,569
-119.6866522,36.63799418,370
-119.6865627,36.63082675,275
-119.6865595,36.6316885,663
-119.686546,36.623872,215
-119.6865303,36.63138599,624
-119.6865275,36.631175,624
-119.6865151,36.63669627,158
-119.6864935,36.624458,216
-119.6864768,36.63335177,733
-119.6864744,36.6375503,394
-119.6864727,36.62077467,753
-119.686467,36.624288,216
-119.6864658,36.63175762,663
-119.6864656,36.63087548,275
-119.6864637,36.62118598,617
-119.6864597,36.62058731,753
-119.6864495,36.6209635,617
-119.6864343,36.637985,370
-119.68643,36.6246375,216
-119.686423,36.6314495,624
-119.6864089,36.63569291,532
-119.6863785,36.630952,275
-119.686371,36.63657414,158
-119.6863566,36.63131897,624
-119.6863518,36.63728519,845
-119.686347,36.6213805,77
-119.6863272,36.62997001,718
-119.6863194,36.62385873,215
-119.6862845,36.631912,58
-119.686274,36.629226,457
-119.6862736,36.63754589,394
-119.686263,36.63102834,38
-119.686244,36.6316135,625
-119.6862424,36.62983947,718
-119.6862235,36.636444,158
-119.6862135,36.6379815,676
-119.6862054,36.6371677,845
-119.6861745,36.63110135,38
-119.6861731,36.62905141,457
-119.686155,36.631978,58
-119.686147,36.631468,625
-119.6861466,36.62971557,84
-119.686087,36.623875,957
-119.6860846,36.6327093,45
-119.6860681,36.6215588,77
-119.6860577,36.6311644,38
-119.6860556,36.63203796,58
-119.6860495,36.6315355,625
-119.6860476,36.63700581,386
-119.6860295,36.637542,619
-119.6860262,36.63174058,308
-119.6860105,36.62570267,26
-119.6859977,36.63798104,676
-119.685997,36.62967466,84
-119.6859694,36.63123896,38
-119.6859687,36.63211289,58
-119.6859183,36.63182652,308
-119.6858997,36.63688071,386
-119.6858913,36.62137457,79
-119.6858901,36.63617415,39
-119.6858816,36.62117701,79
-119.6858805,36.62075402,786
-119.6858772,36.62056737,786
-119.6858753,36.62018905,677
-119.685875,36.62957067,84
-119.6858712,36.62458793,280
-119.6858705,36.6288135,759
-119.6858673,36.63218242,281
-119.6858605,36.620971,79
-119.6858596,36.62424866,280
-119.6858588,36.6313126,86
-119.6858555,36.620381,677
-119.6858444,36.62384375,502
-119.6858441,36.63168293,308
-119.6858343,36.63190304,308
-119.6858306,36.62441175,280
-119.685829,36.63753444,619
-119.6858213,36.63726984,855
-119.685817,36.6292525,679
-119.6857902,36.62693201,101
-119.6857685,36.6325795,45
-119.6857678,36.63797544,832
-119.6857645,36.6313865,86
-119.6857625,36.6322585,281
-119.6857611,36.63175736,308
-119.6857501,36.63674986,703
-119.6857359,36.63196914,281
-119.6857103,36.62591439,26
-119.685709,36.637129,855
-119.685692,36.6321315,281
-119.6856837,36.62937051,679
-119.6856672,36.63587108,39
-119.6856525,36.63183711,866
-119.6856431,36.62528378,244
-119.685637,36.63608987,39
-119.6856254,36.62188227,340
-119.6856071,36.62381535,502
-119.6856067,36.62553821,244
-119.6855855,36.63152019,86
-119.685569,36.63239912,755
-119.6855587,36.63699662,913
-119.685556,36.63799,832
-119.6855553,36.63665095,703
-119.685553,36.634874,57
-119.685552,36.6346665,57
-119.685552,36.6350725,57
-119.6855477,36.63189409,866
-119.6855405,36.6266985,101
-119.6854663,36.63217952,635
-119.6854599,36.62516832,781
-119.6854523,36.62175058,340
-119.6854485,36.6291205,687
-119.6854335,36.62421806,120
-119.6854227,36.63207779,635
-119.685416,36.63248727,755
-119.685414,36.624379,120
-119.6853904,36.6368851,913
-119.6853859,36.63567419,125
-119.6853712,36.62567743,333
-119.6853628,36.62379827,983
-119.6853547,36.63657024,804
-119.685353,36.621559,535
-119.6853512,36.62454916,120
-119.6853487,36.63755455,203
-119.6853475,36.632006,635
-119.6853321,36.62204697,770
-119.6853295,36.637984,338
-119.6853275,36.6290355,687
-119.6853248,36.63164802,219
-119.685297,36.621369,535
-119.6852918,36.62508169,781
-119.6852905,36.620373,636
-119.6852811,36.6205877,534
-119.6852663,36.62115817,768
-119.6852597,36.62098598,768
-119.6852595,36.62016478,636
-119.6852541,36.6322356,635
-119.685244,36.631918,219
-119.685237,36.62078448,534
-119.6852225,36.62214967,770
-119.685212,36.6338385,707
-119.6851611,36.63654732,804
-119.6851599,36.63545229,125
-119.6851463,36.63755474,203
-119.6851441,36.62495808,192
-119.6851387,36.62379351,369
-119.6851317,36.63729709,425
-119.6851205,36.63799107,338
-119.6851078,36.63682248,22
-119.6850762,36.62565219,333
-119.6850521,36.63473847,85
-119.6850403,36.63577569,231
-119.6850336,36.6360957,231
-119.6850085,36.6248375,192
-119.684994,36.6320145,550
-119.684981,36.628732,47
-119.6849753,36.63502826,170
-119.6849545,36.625485,458
-119.6849497,36.63191561,550
-119.6849413,36.6246435,192
-119.6849295,36.63654014,22
-119.6849246,36.63725947,425
-119.6849193,36.62383056,369
-119.6849132,36.63684427,22
-119.6849075,36.6208765,30
-119.6849056,36.63754356,428
-119.6848835,36.628365,47
-119.6848828,36.63798793,329
-119.6848575,36.635206,170
-119.6848544,36.63479116,85
-119.6848322,36.6253442,458
-119.6848307,36.62860852,47
-119.6848236,36.6204916,560
-119.6848175,36.62139379,620
-119.6847945,36.6202445,560
-119.6847835,36.62449383,288
-119.6847708,36.63589802,919
-119.684753,36.6207465,30
-119.6847456,36.6211702,620
-119.6847435,36.63548143,152
-119.6847253,36.62582474,799
-119.684723,36.63610097,919
-119.684715,36.62248631,220
-119.6847055,36.62162577,941
-119.6847052,36.62432032,288
-119.6847034,36.62520315,604
-119.6847013,36.63752108,428
-119.6846901,36.6350677,170
-119.6846847,36.62386995,440
-119.684684,36.63798517,329
-119.684675,36.63728826,846
-119.6846745,36.63684281,206
-119.6846596,36.6365391,9
-119.6846579,36.63470993,85
-119.6846542,36.63568626,152
-119.6846225,36.62323769,791
-119.6845768,36.62098271,30
-119.6845635,36.6250942,604
-119.6845426,36.62229807,220
-119.6844827,36.63727956,846
-119.6844765,36.636539,9
-119.6844747,36.63682014,206
-119.68445,36.63752494,871
-119.684449,36.62495133,145
-119.6844284,36.63801509,445
-119.6844276,36.62394452,440
-119.6844157,36.62793161,529
-119.6843926,36.62166955,334
-119.6843511,36.62216621,641
-119.6843035,36.622817,813
-119.6842907,36.62484865,145
-119.6842875,36.635517,99
-119.6842584,36.63752638,871
-119.684251,36.63654062,9
-119.6842504,36.62041873,198
-119.6842457,36.63726747,518
-119.684235,36.6351855,99
-119.6842348,36.62412283,494
-119.6842318,36.63683701,614
-119.6842289,36.63799675,445
-119.6842285,36.634677,228
-119.6842225,36.63490277,228
-119.6842141,36.63409343,599
-119.6842126,36.620197,198
-119.6842052,36.62150998,334
-119.6841902,36.62071171,371
-119.6841773,36.62201755,641
-119.684163,36.62470467,145
-119.6841406,36.63612519,250
-119.6841285,36.6225805,163
-119.6841082,36.62399706,494
-119.6841028,36.63579151,250
-119.6840991,36.63597429,250
-119.6840599,36.62130549,901
-119.6840422,36.63729038,518
-119.684025,36.63684628,614
-119.6840174,36.63754583,822
-119.6840067,36.6379824,384
-119.6840002,36.63653947,808
-119.6839946,36.62459584,96
-119.6839223,36.62056011,371
-119.683907,36.62240344,163
-119.683897,36.6202155,955
-119.683883,36.62443717,96
-119.683877,36.6337492,50
-119.6838697,36.62167401,645
-119.6838357,36.6237856,812
-119.6838198,36.63654819,808
-119.6838002,36.63754668,822
-119.6837935,36.63800112,384
-119.6837889,36.63684867,19
-119.6837821,36.63727541,100
-119.6837741,36.62739505,939
-119.6837387,36.62152181,645
-119.6837345,36.624312,96
-119.6837325,36.6338655,50
-119.6837156,36.62225994,271
-119.6837089,36.62831984,437
-119.683707,36.62858783,273
-119.683696,36.633522,50
-119.683668,36.634867,376
-119.6836576,36.62103316,175
-119.6836575,36.6355805,865
-119.6836515,36.636142,140
-119.6836323,36.63522815,745
-119.683625,36.6202135,218
-119.6836245,36.635778,140
-119.6836183,36.62063649,94
-119.6836075,36.6350815,745
-119.6836035,36.6359495,140
-119.683598,36.634646,376
-119.6835863,36.63683031,19
-119.6835828,36.63729162,100
-119.683582,36.6365485,19
-119.6835725,36.624188,571
-119.6835636,36.63754641,100
-119.683563,36.63797813,973
-119.683557,36.6220845,271
-119.6835541,36.62815259,437
-119.6835179,36.62082271,94
-119.683511,36.6339915,207
-119.683443,36.62403317,571
-119.683441,36.6333165,890
-119.6834395,36.62868768,273
-119.683404,36.633912,207
-119.6834016,36.62116265,175
-119.6833842,36.62023278,218
-119.6833578,36.63320998,890
-119.6833446,36.63411458,207
-119.6833396,36.63235766,506
-119.6833286,36.6219645,902
-119.683314,36.6398085,1
-119.6833118,36.62069244,94
-119.683294,36.627889,749
-119.6832408,36.62698348,998
-119.6832097,36.633122,513
-119.6831868,36.63399565,207
-119.6831555,36.6347185,410
-119.6831526,36.62177181,651
-119.6831425,36.617604,0
-119.683114,36.635849,434
-119.6831138,36.6213092,922
-119.6831035,36.635662,434
-119.683098,36.635226,303
-119.6830938,36.62025351,27
-119.6830895,36.6330399,513
-119.6830874,36.63507386,303
-119.6830736,36.63355489,466
-119.6830707,36.63604886,842
-119.6830671,36.63621632,842
-119.683065,36.63721632,210
-119.6830649,36.63738012,210
-119.6830648,36.63670026,638
-119.6830644,36.63685884,638
-119.6830592,36.63703902,210
-119.6830587,36.63803293,412
-119.6830583,36.63789238,412
-119.6830507,36.62157068,651
-119.683043,36.63769153,722
-119.6830393,36.63754216,722
-119.6830163,36.63386101,388
-119.6830055,36.6363785,797
-119.6829873,36.62856071,856
-119.68296,36.6348665,410
-119.682957,36.6347205,410
-119.6829454,36.63985819,1
-119.6829323,36.62046143,224
-119.6829145,36.62679601,643
-119.682902,36.6352285,303
-119.6828845,36.63340884,466
-119.6828523,36.6365003,797
-119.6828485,36.6290575,867
-119.6828322,36.62921645,867
-119.6828276,36.63367115,388
-119.6828035,36.629742,294
-119.6827855,36.617716,0
-119.6827853,36.63563474,959
-119.6827515,36.62063129,224
-119.6827263,36.62024617,27
-119.682713,36.634744,404
-119.6826968,36.62094112,416
-119.6826912,36.63283552,318
-119.6826909,36.63265185,318
-119.6826661,36.62153846,561
-119.6826598,36.62897448,877
-119.682647,36.63426818,991
-119.6826396,36.63255104,318
-119.6826355,36.621811,561
-119.6826348,36.62825504,549
-119.6826323,36.62121462,416
-119.68263,36.6220895,839
-119.6826241,36.62991999,294
-119.6825832,36.63502783,359
-119.682567,36.63952324,584
-119.6825545,36.6288595,877
-119.6825539,36.63623379,134
-119.6825496,36.63764825,531
-119.6825479,36.63672189,672
-119.6825446,36.63736885,382
-119.682544,36.6352265,359
-119.6825417,36.63345199,748
-119.6825382,36.63592659,134
-119.6825367,36.63693012,672
-119.6825295,36.637899,531
-119.6825281,36.63716075,382
-119.6825272,36.62724736,984
-119.6825068,36.63418169,401
-119.6824955,36.63469436,404
-119.6824275,36.6271755,984
-119.682408,36.63407084,401
-119.6823672,36.62772298,596
-119.6823535,36.6295125,756
-119.6823214,36.62707792,802
-119.6823105,36.6339545,401
-119.6822685,36.63313961,671
-119.6822579,36.62787192,596
-119.6822423,36.62696745,802
-119.6821758,36.63235769,958
-119.6821593,36.62840452,778
-119.6821484,36.63388093,286
-119.6821285,36.6330575,671
-119.6821096,36.62687828,605
-119.6821,36.6277515,498
-119.6820778,36.632083,238
-119.682049,36.6337761,286
-119.682028,36.6253335,409
-119.6820095,36.626773,605
-119.6820064,36.62766953,498
-119.6820005,36.627546,498
-119.6819851,36.63296734,213
-119.6819831,36.62165174,905
-119.6819725,36.6203165,800
-119.6819632,36.6229675,547
-119.6819487,36.62210818,668
-119.6819451,36.62193265,668
-119.681916,36.6231955,547
-119.681911,36.6226545,188
-119.6819103,36.62241137,188
-119.6818795,36.6328535,213
-119.6818702,36.627501,851
-119.6818405,36.6251715,409
-119.6818114,36.63211946,238
-119.681773,36.6327435,213
-119.6817719,36.63430288,344
-119.68177,36.62877685,843
-119.6817464,36.62740919,851
-119.681726,36.63345017,126
-119.6817019,36.62648945,700
-119.6816941,36.62807877,439
-119.6816899,36.63177796,174
-119.6816667,36.62826804,439
-119.6816592,36.6326461,223
-119.6816495,36.63164117,174
-119.681639,36.6342715,344
-119.6816335,36.640695,963
-119.681629,36.62730467,450
-119.6816215,36.62637483,700
-119.6815887,36.62533487,933
-119.6815852,36.63060597,633
-119.681576,36.622183,750
-119.6815478,36.6325635,223
-119.6815421,36.63155557,174
-119.6815216,36.63332693,126
-119.6815195,36.6336215,126
-119.6815105,36.62627133,75
-119.6814996,36.63416466,344
-119.681487,36.6271682,450
-119.681473,36.6279095,354
-119.6814656,36.63180766,174
-119.681443,36.632458,223
-119.681405,36.63319895,741
-119.6813938,36.63203949,5
-119.6813815,36.6284135,887
-119.681367,36.626195,75
-119.681366,36.6314815,184
-119.6813629,36.62783638,354
-119.6813468,36.63305781,741
-119.681257,36.62772223,634
-119.6812382,36.62605851,75
-119.6812286,36.62660488,61
-119.6812223,36.63387347,229
-119.6812135,36.6329725,133
-119.681211,36.62163,825
-119.6811945,36.631407,184
-119.6811745,36.6312265,184
-119.68116,36.6320085,5
-119.681156,36.6275565,634
-119.6811319,36.63217796,5
-119.6811235,36.632857,133
-119.6810953,36.63378932,229
-119.6810745,36.625928,230
-119.6810579,36.62645314,61
-119.681052,36.63181216,315
-119.6810501,36.63107037,704
-119.6810255,36.6331255,133
-119.6810215,36.63022806,942
-119.680989,36.6327835,133
-119.6809877,36.63368355,229
-119.680983,36.6320385,5
-119.6809428,36.6257833,230
-119.6809215,36.626737,61
-119.6809087,36.6260523,230
-119.6808854,36.62771698,988
-119.680872,36.6335785,21
-119.6808416,36.62635636,940
-119.6808371,36.63189166,315
-119.680829,36.6312115,704
-119.6808164,36.63344543,21
-119.6808125,36.63173386,315
-119.6807891,36.62718316,156
-119.680774,36.63150367,90
-119.6807378,36.63290502,278
-119.6806855,36.633034,278
-119.6806745,36.6351155,389
-119.6806693,36.63249416,974
-119.6806416,36.62706886,156
-119.6806075,36.6316365,90
-119.6805865,36.6330755,278
-119.6805844,36.63333728,21
-119.680562,36.635308,389
-119.6805582,36.62698133,156
-119.6805054,36.63154397,90
-119.6805015,36.634739,196
-119.6805006,36.63230015,727
-119.6804907,36.63554425,200
-119.6804778,36.63266451,669
-119.6804735,36.626121,961
-119.6804645,36.626899,731
-119.6804617,36.62722852,156
-119.6804591,36.63067249,953
-119.680441,36.634985,196
-119.6804026,36.62970348,592
-119.6803835,36.6314415,90
-119.6803457,36.62619752,961
-119.6803407,36.63275231,669
-119.6803345,36.6267745,731
-119.6803036,36.6322551,727
-119.680256,36.63535,200
-119.68024,36.635758,972
-119.680202,36.6274415,20
-119.6801975,36.63209835,488
-119.6801631,36.62667946,473
-119.6801588,36.62729921,20
-119.680101,36.63199666,488
-119.6800938,36.63287131,115
-119.6800724,36.62764069,20
-119.6800542,36.62659947,473
-119.6800275,36.62649812,473
-119.6800236,36.63256861,115
-119.6799455,36.62682166,336
-119.6799381,36.63000293,150
-119.6799157,36.62916106,649
-119.679914,36.63103762,593
-119.6799039,36.63179585,944
-119.6798955,36.627398,20
-119.67986,36.6343645,586
-119.6798547,36.63268052,115
-119.6798195,36.6361115,41
-119.6798015,36.6366285,73
-119.6798008,36.6355762,667
-119.6797766,36.63084007,593
-119.6797707,36.62663252,336
-119.6797661,36.63019819,150
-119.67976,36.632528,758
-119.67974,36.63473,37
-119.6797256,36.62349798,828
-119.6797055,36.6321715,112
-119.6796406,36.63074205,533
-119.6796367,36.62713554,12
-119.6796214,36.6377608,989
-119.6796175,36.62616736,564
-119.6796147,36.6351253,475
-119.6796105,36.632446,758
-119.6795933,36.63147207,992
-119.679555,36.63491,475
-119.6795099,36.63066009,533
-119.6795095,36.632087,112
-119.6795038,36.6267713,12
-119.6795015,36.6323115,112
-119.6794949,36.63608849,41
-119.6794819,36.6366603,73
-119.6794656,36.63564825,60
-119.6794487,36.63296449,690
-119.6794452,36.62980654,469
-119.6794019,36.62698027,12
-119.6793948,36.63473724,37
-119.6793595,36.6313465,419
-119.6793468,36.63219998,112
-119.6793204,36.63799505,579
-119.679311,36.6311875,419
-119.6792705,36.635166,212
-119.679258,36.630566,960
-119.6792365,36.6287885,658
-119.6792221,36.63710798,859
-119.6791855,36.62949324,711
-119.6791635,36.635622,60
-119.6791624,36.63608173,769
-119.6791458,36.63664875,702
-119.6790792,36.63417981,235
-119.679079,36.63186519,889
-119.679075,36.6336115,994
-119.6790575,36.63323239,723
-119.6790403,36.62262216,829
-119.6790154,36.63012535,653
-119.6790138,36.62666587,602
-119.6789993,36.63517754,212
-119.6788994,36.63092001,694
-119.6788805,36.63167764,656
-119.678844,36.63289772,664
-119.67884,36.634729,8
-119.6788264,36.63431982,235
-119.6787339,36.63000437,270
-119.6787215,36.6351645,861
-119.6787025,36.6315565,656
-119.6786805,36.629117,757
-119.6786765,36.631237,191
-119.6786557,36.63782093,554
-119.6786469,36.6296594,833
-119.6786408,36.62990401,270
-119.6786385,36.633952,193
-119.6786282,36.62624442,144
-119.6786232,36.62952899,833
-119.6786155,36.62592715,144
-119.6786074,36.6360728,897
-119.6785971,36.63564076,519
-119.6785924,36.63665433,171
-119.678576,36.6347225,8
-119.6785626,36.63707684,82
-119.6785371,36.63140066,191
-119.678523,36.632265,796
-119.6784965,36.629807,270
-119.6784915,36.6338035,858
-119.6784822,36.63055747,305
-119.6784805,36.634859,8
-119.6784505,36.63211351,796
-119.6784405,36.63413283,193
-119.67844,36.63515,527
-119.6784335,36.6218835,987
-119.6784253,36.6311557,191
-119.678404,36.6287795,283
-119.678369,36.6261045,144
-119.6783551,36.63366483,858
-119.6783167,36.6319825,138
-119.6783043,36.63067254,305
-119.678284,36.6303265,88
-119.6782779,36.63663132,171
-119.6782535,36.6286395,283
-119.6782508,36.6370888,82
-119.6782441,36.63609298,89
-119.6782258,36.63564093,310
-119.678224,36.6320915,138
-119.6782169,36.63473513,258
-119.6782066,36.62890338,283
-119.6782005,36.63514939,527
-119.678194,36.6294525,735
-119.6781751,36.62191424,613
-119.6781729,36.63022147,88
-119.6781532,36.63183798,138
-119.6781336,36.63354213,204
-119.678098,36.62548,113
-119.6780807,36.63009853,88
-119.6780394,36.63428545,168
-119.6780385,36.62578967,113
-119.6780332,36.63338468,204
-119.678031,36.621815,613
-119.678009,36.63258088,826
-119.6779835,36.6291235,266
-119.6779671,36.62833165,23
-119.677964,36.63417862,168
-119.6779605,36.63476837,258
-119.6779375,36.62860692,844
-119.6779326,36.63083966,874
-119.6779232,36.63663934,898
-119.6779225,36.63559881,310
-119.6779024,36.63612175,89
-119.677897,36.6370705,683
-119.677888,36.638037,807
-119.6778608,36.63327601,204
-119.6778434,36.63240887,176
-119.6778385,36.62896993,266
-119.6778071,36.62824931,23
-119.6778031,36.63406931,168
-119.6777895,36.6316615,841
-119.6777415,36.630691,490
-119.6777401,36.6274043,523
-119.6777259,36.62988508,818
-119.6777224,36.63230807,176
-119.6776865,36.624664,600
-119.6776706,36.63479916,429
-119.6776673,36.63339696,345
-119.6776649,36.63057752,490
-119.6776469,36.62809925,23
-119.6776362,36.63395619,553
-119.6775942,36.63028381,999
-119.67759,36.633567,345
-119.6775796,36.63189014,528
-119.6775641,36.63049382,490
-119.6775629,36.63223384,176
-119.6775389,36.63297097,485
-119.6775313,36.63606444,313
-119.6775199,36.63589433,313
-119.6775095,36.635178,876
-119.6775084,36.62885302,326
-119.6775078,36.63385947,553
-119.6775035,36.6334895,345
-119.6774995,36.63623922,313
-119.6774755,36.62945766,573
-119.677472,36.6347775,429
-119.6774713,36.63116469,108
-119.6774211,36.63373343,453
-119.6773965,36.6287415,326
-119.6773665,36.6319645,528
-119.6773345,36.6336205,453
-119.6773249,36.62861798,326
-119.6773241,36.63282751,485
-119.67731,36.6313655,108
-119.6772742,36.62769718,304
-119.677274,36.63100843,108
-119.6772284,36.62472964,934
-119.6772272,36.63320914,131
-119.6772252,36.63474104,383
-119.677218,36.63027662,863
-119.6772113,36.63266118,715
-119.6772065,36.634262,87
-119.6772006,36.63512282,274
-119.677193,36.62495328,934
-119.677178,36.6276055,304
-119.6771664,36.62849637,920
-119.6771169,36.63085616,714
-119.6771035,36.6244805,728
-119.6771015,36.631472,155
-119.6770949,36.6293622,194
-119.677088,36.627826,304
-119.6770745,36.632543,715
-119.6770717,36.62918152,194
-119.6770477,36.6217689,665
-119.6770477,36.63474282,383
-119.6770232,36.62751718,830
-119.6770229,36.63407442,563
-119.6770139,36.63427984,87
-119.6770025,36.63336084,131
-119.6770004,36.63072632,714
-119.6769965,36.63157283,155
-119.6769939,36.63513158,274
-119.6769639,36.62907409,194
-119.6769625,36.62740033,830
-119.6769605,36.6244715,728
-119.6769602,36.63622371,652
-119.6769595,36.63568678,147
-119.6769584,36.63585464,147
-119.6769574,36.63604147,652
-119.6769495,36.63553751,147
-119.676895,36.6292595,194
-119.6768905,36.634373,87
-119.6768775,36.6314845,155
-119.676873,36.628157,995
-119.6768719,36.63393411,563
-119.6768582,36.62979179,29
-119.6768435,36.62895,265
-119.676836,36.631627,155
-119.6768181,36.63061366,114
-119.6767957,36.6314,155
-119.6767865,36.6347225,236
-119.6767832,36.63514238,736
-119.6767825,36.629196,194
-119.6767693,36.6331395,895
-119.676768,36.62428117,44
-119.6767428,36.63418182,967
-119.6767331,36.63239356,880
-119.6767092,36.62733654,474
-119.6767073,36.6281075,348
-119.6766868,36.63108905,349
-119.676667,36.6288835,265
-119.6766563,36.63408581,967
-119.6766479,36.62875647,265
-119.6766312,36.63129961,349
-119.6766154,36.62973971,29
-119.6766055,36.627178,474
-119.6766015,36.62802008,348
-119.676599,36.6351155,736
-119.6765785,36.634728,236
-119.676573,36.6355275,678
-119.6765623,36.63567852,678
-119.6765546,36.63586607,83
-119.6765488,36.63621717,83
-119.6765445,36.63603701,83
-119.67654,36.6336535,117
-119.6765225,36.62963883,29
-119.6765191,36.63121206,349
-119.6765149,36.63069866,114
-119.6765034,36.62788604,348
-119.6764576,36.6241215,44
-119.6764536,36.63190474,325
-119.6764448,36.62609462,538
-119.6764351,36.63024314,180
-119.6764273,36.62954297,945
-119.676398,36.6338,117
-119.67639,36.63268733,299
-119.676371,36.634332,737
-119.676342,36.6311545,296
-119.6763355,36.62946443,945
-119.6763296,36.62780755,907
-119.6763038,36.63347651,117
-119.6763015,36.6301225,180
-119.6762693,36.62859707,454
-119.6762679,36.63177346,325
-119.6762605,36.62684227,688
-119.676258,36.63205133,325
-119.6762356,36.62771544,907
-119.6762312,36.63488703,32
-119.6762248,36.62845525,454
-119.6762198,36.62939651,396
-119.6762048,36.63473754,32
-119.676198,36.62672835,688
-119.6761621,36.63095932,296
-119.6761401,36.63009512,180
-119.6761346,36.63167354,119
-119.676111,36.62993834,789
-119.6761075,36.62923865,396
-119.676092,36.63395011,362
-119.6760822,36.63506261,32
-119.6760699,36.62827274,67
-119.6760459,36.63155997,119
-119.6760425,36.632248,484
-119.6760395,36.6275195,965
-119.6760285,36.629853,789
-119.6760206,36.63523634,452
-119.6760161,36.63539967,452
-119.6760105,36.63589152,848
-119.6760095,36.63556383,452
-119.6760073,36.63573038,848
-119.6760027,36.62652802,555
-119.675995,36.634743,32
-119.6759919,36.63623004,712
-119.6759816,36.63605696,712
-119.6759687,36.63049641,190
-119.6759073,36.63179298,119
-119.6758994,36.63407918,362
-119.6758736,36.62820414,67
-119.6758683,36.62641251,555
-119.675863,36.628066,67
-119.6758544,36.63233364,484
-119.6758374,36.62978355,51
-119.675829,36.6255342,517
-119.6758249,36.62080372,937
-119.6758241,36.63150611,390
-119.6758105,36.6289235,43
-119.67581,36.6283425,67
-119.6758065,36.6412385,631
-119.675793,36.6177395,74
-119.6757753,36.63138403,390
-119.6757631,36.63062604,190
-119.6757605,36.6414287,631
-119.6757471,36.62796566,164
-119.6757148,36.63121898,390
-119.6757124,36.62821385,67
-119.6757115,36.626313,222
-119.6757067,36.63026401,268
-119.6757055,36.629955,51
-119.6756925,36.62883783,43
-119.675691,36.634741,245
-119.6756847,36.62726352,403
-119.675683,36.62865316,43
-119.6756783,36.63218648,197
-119.675635,36.620206,272
-119.6756321,36.63185315,233
-119.6756238,36.61764205,74
-119.6756139,36.63051386,268
-119.675605,36.6262245,222
-119.6755864,36.62209194,129
-119.6755854,36.62784464,164
-119.6755771,36.61967563,648
-119.6755718,36.62715284,403
-119.6755704,36.63206643,197
-119.6755687,36.6296291,51
-119.6755653,36.6304138,268
-119.6755375,36.6270445,403
-119.6755363,36.6281155,164
-119.6755346,36.62875304,43
-119.6754969,36.62613843,222
-119.6754585,36.6303065,268
-119.675431,36.6176545,74
-119.675428,36.63178792,233
-119.675426,36.631995,197
-119.6754251,36.62865865,319
-119.6754193,36.6202845,272
-119.6754121,36.6279788,164
-119.6754089,36.63476175,245
-119.6754064,36.63097496,578
-119.6754062,36.62697533,253
-119.6753835,36.621909,129
-119.675382,36.63431524,860
-119.6753304,36.6285563,319
-119.6753204,36.63021872,139
-119.6753179,36.63262925,597
-119.675313,36.627535,242
-119.6752912,36.62928185,185
-119.67529,36.626908,253
-119.6752662,36.63090019,578
-119.6752155,36.628466,319
-119.6752135,36.63075016,565
-119.6752085,36.6343845,860
-119.6752058,36.63010482,139
-119.6751999,36.62676737,253
-119.675179,36.62915584,185
-119.6751786,36.62744107,201
-119.6751584,36.62161134,713
-119.6751475,36.62767066,242
-119.675146,36.625857,539
-119.6751225,36.631677,637
-119.6751201,36.62992575,139
-119.6751052,36.63402373,891
-119.6751018,36.61930705,775
-119.675094,36.619799,148
-119.6750935,36.6329545,76
-119.6750915,36.62730367,201
-119.6750878,36.62833781,685
-119.6750804,36.62660224,640
-119.675066,36.62565954,539
-119.6750571,36.63069455,565
-119.6750544,36.62903148,185
-119.6750158,36.62758751,242
-119.6750106,36.62821726,685
-119.6750008,36.63230848,470
-119.6750008,36.63302502,76
-119.674977,36.629261,185
-119.6749725,36.622223,104
-119.674958,36.626506,640
-119.6749555,36.627213,201
-119.6749467,36.6305765,917
-119.67494,36.619566,148
-119.67493,36.634194,70
-119.6749258,36.6255447,64
-119.6749,36.633096,76
-119.6748975,36.6307775,565
-119.6748936,36.62891105,504
-119.674891,36.62781108,996
-119.6748902,36.63213904,48
-119.6748829,36.63278611,472
-119.6748685,36.625462,64
-119.6748653,36.63045257,917
-119.6748151,36.62710817,482
-119.674805,36.63372367,337
-119.6748045,36.6198,148
-119.6748025,36.633155,76
-119.674797,36.628765,504
-119.674784,36.63108,116
-119.6747781,36.62962605,761
-119.6747739,36.63408533,70
-119.6747539,36.6254264,64
-119.674751,36.63035,255
-119.6747475,36.6320285,48
-119.6747292,36.62247105,104
-119.674715,36.6329345,472
-119.674695,36.6253115,64
-119.6746948,36.626992,482
-119.6746825,36.626229,105
-119.6746755,36.6201665,706
-119.6746645,36.62865717,852
-119.67465,36.6343165,70
-119.6746382,36.6338838,337
-119.6746341,36.62792296,659
-119.6746314,36.62951928,761
-119.674621,36.630264,255
-119.674557,36.62523087,650
-119.674555,36.63217878,48
-119.6745481,36.63280216,696
-119.6745275,36.6285805,852
-119.6745175,36.6268015,964
-119.6745084,36.62783147,659
-119.6745009,36.63102347,116
-119.6744933,36.62616932,105
-119.6744715,36.629388,951
-119.6744105,36.6201305,706
-119.6744063,36.63405095,285
-119.6743997,36.62605601,105
-119.6743989,36.6326826,696
-119.6743962,36.62518757,650
-119.6743795,36.620619,647
-119.67436,36.6270355,247
-119.6743539,36.62397662,524
-119.6743511,36.63164344,675
-119.6743437,36.62924898,951
-119.674342,36.63335,831
-119.6743298,36.62767881,585
-119.674329,36.629967,107
-119.6743045,36.6210565,969
-119.6743012,36.63230169,628
-119.6742754,36.62829097,520
-119.6742545,36.630056,107
-119.6742528,36.62052449,647
-119.6742485,36.62654908,149
-119.6742387,36.62759901,585
-119.674236,36.6272075,247
-119.674225,36.6259055,932
-119.6742168,36.63417785,285
-119.674206,36.62744448,585
-119.674178,36.62142827,558
-119.674177,36.63150334,675
-119.6741633,36.62556433,141
-119.674145,36.629778,107
-119.674143,36.632494,628
-119.6741376,36.62016893,854
-119.6741268,36.63067658,666
-119.6741232,36.62815388,520
-119.6741165,36.6301375,107
-119.6740992,36.62896953,794
-119.6740753,36.63501047,699
-119.6740602,36.62575003,141
-119.6740569,36.62732087,451
-119.6740403,36.63518302,699
-119.6740384,36.63317043,577
-119.6740302,36.61934447,618
-119.6740087,36.626689,149
-119.674004,36.6336335,979
-119.6739994,36.63140992,752
-119.6739918,36.62718118,451
-119.6739885,36.62639415,820
-119.6739765,36.63302356,577
-119.6739703,36.63595098,448
-119.673927,36.6319,95
-119.6739265,36.63615525,448
-119.6739219,36.62968576,751
-119.6739199,36.62802224,481
-119.6739018,36.63553604,779
-119.6739001,36.63126016,752
-119.6738874,36.62625795,820
-119.6738841,36.62556969,141
-119.6738501,36.63290623,716
-119.673827,36.638139,276
-119.6738269,36.63024596,456
-119.6737994,36.62953984,751
-119.6737952,36.62778783,352
-119.67379,36.62855,447
-119.673763,36.633758,402
-119.6737563,36.61792965,823
-119.6737555,36.6327205,716
-119.6737497,36.63211053,95
-119.6737108,36.63830354,276
-119.6736943,36.62611063,124
-119.6736521,36.62772921,352
-119.6736163,36.63478839,589
-119.6736125,36.630387,456
-119.6736099,36.62937493,627
-119.673609,36.62676818,279
-119.6736052,36.63279546,981
-119.6735985,36.632997,981
-119.673586,36.6336255,402
-119.6735773,36.63197789,95
-119.6735715,36.63645843,660
-119.6735605,36.6292525,627
-119.6735164,36.62762224,352
-119.6735141,36.62586438,124
-119.673498,36.6333295,853
-119.6734938,36.632878,981
-119.6734764,36.63347549,853
-119.6734517,36.6317147,811
-119.67345,36.626534,279
-119.6734323,36.62931301,627
-119.6734252,36.63414812,746
-119.673392,36.6205215,321
-119.6733724,36.63400485,746
-119.673368,36.620238,321
-119.6733642,36.61954752,824
-119.6733268,36.6204269,321
-119.6733225,36.62668484,279
-119.6733174,36.63327536,320
-119.6732859,36.61778762,512
-119.673245,36.6282235,725
-119.6732265,36.6288015,151
-119.6732074,36.63132538,459
-119.6731883,36.63388106,49
-119.6731624,36.6342738,406
-119.673152,36.6253895,767
-119.6731454,36.63310748,320
-119.6731005,36.6253095,767
-119.6730978,36.6246143,261
-119.6730858,36.63372999,49
-119.6730745,36.6204255,368
-119.6730745,36.6205165,368
-119.6730732,36.63149694,459
-119.673072,36.6203325,368
-119.673041,36.6206115,368
-119.6730108,36.62861297,151
-119.6730019,36.63563795,612
-119.6729864,36.62760219,698
-119.6729847,36.63518232,314
-119.6729585,36.629325,909
-119.6729555,36.6342955,406
-119.67293,36.633598,49
-119.6729112,36.63488443,314
-119.6728687,36.62090202,240
-119.6728575,36.6207985,240
-119.6728367,36.62879415,385
-119.6728303,36.62070317,240
-119.6728195,36.639803,10
-119.6727957,36.62703203,515
-119.6727718,36.6379448,903
-119.672754,36.6206085,31
-119.6727195,36.620422,31
-119.672713,36.633406,576
-119.6727112,36.63014542,574
-119.672707,36.620236,31
-119.6726965,36.6343025,590
-119.6726911,36.62965696,505
-119.672655,36.6205135,31
-119.6726195,36.634789,239
-119.6726042,36.63352832,576
-119.672603,36.6256135,882
-119.6725994,36.62325501,91
-119.6725923,36.62879812,385
-119.6725634,36.62604083,730
-119.6725085,36.6396165,10
-119.672484,36.6235465,98
-119.6724638,36.63427359,590
-119.6724574,36.63396909,97
-119.6724545,36.6259435,730
-119.6724328,36.62861497,772
-119.67239,36.62665872,912
-119.6723877,36.63371738,97
-119.6723876,36.62306243,91
-119.672373,36.6205135,317
-119.6723646,36.63261162,864
-119.6723435,36.6379315,611
-119.6723375,36.63480258,239
-119.6722968,36.63099898,766
-119.6722535,36.6287785,772
-119.6722386,36.62337616,98
-119.6722295,36.6202325,317
-119.6722277,36.62209728,595
-119.672224,36.62786494,63
-119.672223,36.6235125,98
-119.6722078,36.63045855,927
-119.6721971,36.62949081,209
-119.672181,36.633861,97
-119.672176,36.6270245,621
-119.6721408,36.63301592,764
-119.6721363,36.62627104,566
-119.6721286,36.62563589,884
-119.6720945,36.6291775,209
-119.6720405,36.6343005,66
-119.6720245,36.624134,123
-119.671999,36.628798,361
-119.6719905,36.6321655,545
-119.6719655,36.6277375,63
-119.6719152,36.63414597,66
-119.6719065,36.626382,566
-119.6718827,36.6242865,123
-119.6718425,36.6286145,361
-119.6718235,36.634344,66
-119.6717996,36.63124141,952
-119.6717922,36.63265897,4
-119.6717685,36.627418,316
-119.6717624,36.63405934,66
-119.6717545,36.6253875,525
-119.6717501,36.62591722,610
-119.6717401,36.62968738,816
-119.671728,36.631637,609
-119.671688,36.6242315,123
-119.6716701,36.62696711,442
-119.6716615,36.628775,111
-119.671649,36.627771,476
-119.6716438,36.62640141,616
-119.6715905,36.63291484,4
-119.6715881,36.62820725,263
-119.6715211,36.62590121,610
-119.671517,36.62745,316
-119.671512,36.627954,263
-119.671496,36.6276465,476
-119.6714954,36.63012052,721
-119.6714505,36.627037,442
-119.6714413,36.61881932,719
-119.6714336,36.63271266,4
-119.6714275,36.626425,616
-119.6714111,36.63431754,682
-119.6713857,36.62883603,111
-119.6713715,36.63204867,654
-119.6713475,36.631378,166
-119.6713194,36.63168614,166
-119.6713045,36.627599,327
-119.6713045,36.627771,327
-119.6712991,36.62370165,292
-119.6712852,36.63310436,507
-119.6712785,36.6258485,169
-119.6712701,36.62549408,834
-119.6712555,36.624256,780
-119.6712455,36.623865,292
-119.671245,36.623612,292
-119.6712426,36.62445962,780
-119.6712405,36.62833346,872
-119.6712152,36.632528,966
-119.671213,36.6281805,872
-119.671212,36.622998,16
-119.6712086,36.63216544,654
-119.6711905,36.622888,16
-119.6711665,36.6232365,241
-119.6711579,36.62785774,327
-119.6711555,36.6277025,327
-119.671151,36.623805,292
-119.6711472,36.62638255,264
-119.6711134,36.62281144,16
-119.6711069,36.63324354,507
-119.6710876,36.62435684,780
-119.6710675,36.6259515,169
-119.6710553,36.62665675,18
-119.6710545,36.627023,18
-119.6710467,36.62311551,885
-119.671038,36.623757,790
-119.6709844,36.62268686,16
-119.6709811,36.62619025,264
-119.6709795,36.623034,885
-119.670957,36.62342467,241
-119.6709556,36.62368613,790
-119.6709466,36.62753277,792
-119.6709454,36.62739775,792
-119.6709396,36.63244562,287
-119.6709374,36.62779882,387
-119.6709363,36.62767033,387
-119.6709355,36.62807932,427
-119.6709354,36.62821089,427
-119.6709348,36.62876743,977
-119.6709328,36.62862668,900
-119.6709312,36.62835163,427
-119.6709085,36.6289025,977
-119.6708994,36.62295995,885
-119.6708938,36.62849437,900
-119.670887,36.62794,387
-119.6708855,36.632289,287
-119.6708775,36.623614,790
-119.670798,36.623543,726
-119.6707685,36.623181,284
-119.6707184,36.62347294,726
-119.670688,36.6227665,130
-119.6706879,36.62310736,284
-119.6706859,36.62576734,583
-119.670643,36.6259435,878
-119.670643,36.62608523,878
-119.6706401,36.62662967,511
-119.6706401,36.62690312,990
-119.67064,36.62622333,629
-119.6706373,36.6270358,990
-119.670637,36.6234,726
-119.670635,36.626356,629
-119.6706333,36.62677037,511
-119.6706243,36.62562123,583
-119.670606,36.62648645,629
-119.6705588,36.62298869,284
-119.6705361,36.62262313,130
-119.6705343,36.62321601,284
-119.670485,36.62774942,925
-119.6704811,36.62818692,332
-119.6704798,36.62744994,366
-119.670478,36.62846646,480
-119.6704729,36.62890413,122
-119.6704528,36.62254981,130
-119.670447,36.629811,815
-119.670331,36.62120065,54
-119.6703253,36.62550952,173
-119.6703233,36.6227723,363
-119.6703175,36.62818537,332
-119.6703168,36.62846826,480
-119.6703122,36.62745801,366
-119.6703111,36.62774601,142
-119.6703012,36.62890109,122
-119.6701949,36.62299387,968
-119.6701688,36.62598582,146
-119.6701676,36.62626621,869
-119.6701661,36.6266968,836
-119.6701624,36.62262786,363
-119.6701538,36.62554865,173
-119.6701534,36.62745124,366
-119.6701521,36.62698858,486
-119.6701477,36.62775741,142
-119.6701412,36.62818212,300
-119.670135,36.628879,122
-119.6701348,36.62846933,929
-119.6701155,36.6229215,968
-119.670034,36.6228465,968
-119.670031,36.6213525,54
-119.6700064,36.62626579,869
-119.6700012,36.6259833,146
-119.6699957,36.62669788,836
-119.66999,36.627005,486
-119.6699885,36.625565,173
-119.6699802,36.62774709,142
-119.6699717,36.62745413,424
-119.6699715,36.6284825,929
-119.6699687,36.6281872,300
-119.6699594,36.62889869,217
-119.6698551,36.62268313,302
-119.6698361,36.62597589,146
-119.6698332,36.62625946,405
-119.6698251,36.62698848,486
-119.669821,36.626678,252
-119.6698189,36.62555825,594
-119.669817,36.63333684,817
-119.6698115,36.62745004,424
-119.6698067,36.62775641,172
-119.6697977,36.62847058,400
-119.6697973,36.62814701,221
-119.6697841,36.62887223,217
-119.6697001,36.62253814,302
-119.6696575,36.6262785,405
-119.6696563,36.62598407,414
-119.6696535,36.62669493,252
-119.6696505,36.625572,594
-119.6696495,36.627004,805
-119.6696455,36.628897,217
-119.6696429,36.62744008,603
-119.6696406,36.62778855,172
-119.669637,36.62846692,400
-119.66963,36.62818968,221
-119.669574,36.6196365,943
-119.6695614,36.62288137,330
-119.6695207,36.62317581,819
-119.669491,36.62596,414
-119.6694873,36.62626373,109
-119.669485,36.62280909,330
-119.6694793,36.62698892,805
-119.669474,36.6274536,603
-119.6694739,36.62775464,172
-119.6694724,36.6266708,252
-119.6694711,36.62554836,837
-119.6694691,36.62818608,221
-119.6694677,36.62846501,400
-119.6694478,36.62889167,639
-119.6694454,36.62230746,601
-119.669406,36.6227385,330
-119.6693649,36.62223236,601
-119.6693256,36.62266307,330
-119.6693202,36.62626388,109
-119.6693197,36.62554327,837
-119.6693152,36.62597907,838
-119.6693043,36.61743618,582
-119.6692815,36.628929,639
-119.6692635,36.62295392,330
-119.6692351,36.62257954,471
-119.6691564,36.63241988,521
-119.669156,36.6225095,471
-119.6691454,36.6262581,109
-119.669145,36.634252,226
-119.6691379,36.62595253,838
-119.6691367,36.62555144,526
-119.669125,36.634013,226
-119.669106,36.622809,483
-119.6690219,36.62795184,127
-119.6690184,36.62821671,127
-119.6690163,36.62780767,110
-119.6690156,36.62766669,110
-119.6690148,36.62740703,110
-119.6690138,36.6275388,110
-119.6690131,36.62808107,127
-119.6690125,36.63423,226
-119.6690113,36.62849111,463
-119.6690105,36.622751,483
-119.6690104,36.62863121,499
-119.6690094,36.62836099,463
-119.6690089,36.62880415,499
-119.6689665,36.62555045,526
-119.6689445,36.63122575,154
-119.6689435,36.622657,483
-119.6687793,36.63110041,154
-119.6687775,36.6312335,154
-119.6687476,36.61694159,947
-119.668716,36.631433,154
-119.6686134,36.63479333,708
-119.6686127,36.63535621,46
-119.6686018,36.63562708,373
-119.6686003,36.63768899,693
-119.6685956,36.63695249,916
-119.6685948,36.63588023,373
-119.6685867,36.63614043,886
-119.6685756,36.63743325,323
-119.6685705,36.63720056,323
-119.6685455,36.624314,309
-119.668455,36.631157,875
-119.6684533,36.62408071,309
-119.6683361,36.63521256,46
-119.6680592,36.63801299,118
-119.6680487,36.63568041,795
-119.6680179,36.63653146,135
-119.6680124,36.63682692,135
-119.6680035,36.6375588,562
-119.6679983,36.63728773,562
-119.6679963,36.63606921,167
-119.667963,36.63485813,62
-119.6679348,36.63519467,62
-119.66778,36.6165935,615
-119.6677412,36.63800143,118
-119.6676948,36.63609746,167
-119.6676901,36.63680714,106
-119.6676795,36.63653454,106
-119.6676721,36.63729187,421
-119.667669,36.63567413,291
-119.667658,36.6375505,421
-119.6675336,36.63524012,52
-119.6674899,36.63480553,803
-119.6673683,36.6365271,68
-119.6673582,36.63800013,311
-119.6673562,36.63566078,291
-119.6673545,36.636082,33
-119.6673437,36.63683476,68
-119.6672007,36.63521479,52
-119.6671918,36.63734163,546
-119.66706,36.61741666,985
-119.6670585,36.6379985,311
-119.667015,36.63607589,33
-119.6670115,36.635653,72
-119.6670019,36.63682341,282
-119.6669885,36.636518,282
-119.6669475,36.63480391,975
-119.6668401,36.63517727,493
-119.6668034,36.61770253,763
-119.666786,36.61727642,342
-119.6666745,36.638004,681
-119.6666686,36.63681936,423
-119.6666681,36.63566404,72
-119.666665,36.63607116,289
-119.6666435,36.636526,423
-119.6666355,36.61710116,342
-119.666377,36.637383,128
-119.6663696,36.63520336,948
-119.666357,36.61684416,183
-119.6663518,36.63607791,289
-119.666336,36.636514,157
-119.6663316,36.63565871,34
-119.6663094,36.6368238,157
-119.6662205,36.63803337,971
-119.6662068,36.62019411,760
-119.6661855,36.6166355,183
-119.6661736,36.63485005,686
-119.6661705,36.617786,379
-119.6661695,36.63756252,128
-119.6660015,36.6356658,34
-119.665996,36.63609,42
-119.6659895,36.635249,80
-119.6659815,36.6365475,436
-119.665963,36.63682446,436
-119.6659582,36.61644512,870
-119.6658293,36.63800125,407
-119.6657662,36.63754301,591
-119.6657523,36.63728954,591
-119.6657057,36.634812,399
-119.665701,36.617785,543
-119.6656933,36.61762949,543
-119.6656648,36.616574,322
-119.665654,36.63522704,80
-119.6656534,36.6368312,136
-119.6656491,36.63606288,42
-119.6656435,36.636536,136
-119.6656318,36.63569346,821
-119.6654747,36.6171254,522
-119.6654592,36.61638626,322
-119.665361,36.63478193,199
-119.665351,36.620393,906
-119.6653212,36.63798259,644
-119.6653082,36.63512261,950
-119.6652443,36.63727462,346
-119.6652283,36.63755322,346
-119.6652185,36.617783,915
-119.66519,36.623954,923
-119.6651079,36.63574756,69
-119.6650972,36.61638601,587
-119.6650841,36.63609957,924
-119.6650695,36.6354245,69
-119.6650465,36.636513,500
-119.665032,36.634802,199
-119.664966,36.6202075,692
-119.664938,36.6302635,351
-119.6648024,36.61770925,516
-119.6647789,36.62388973,552
-119.6647195,36.630435,351
-119.6646941,36.6369286,962
-119.6646704,36.63724475,232
-119.6646583,36.63612093,801
-119.6646579,36.63580781,328
-119.6646551,36.63520968,997
-119.664655,36.63752225,232
-119.6646431,36.63653461,904
-119.6646416,36.63555361,328
-119.664624,36.6348344,540
-119.6640673,36.63415647,306
-119.664049,36.6226815,162
-119.6640006,36.62295377,162
-119.6639991,36.63148881,259
-119.6639704,36.63127869,259
-119.6639677,36.63222206,438
-119.6639528,36.63243009,102
-119.6639517,36.63185236,395
-119.6639509,36.63280889,102
-119.6639481,36.63168193,395
-119.663946,36.63263083,102
-119.6639453,36.63377256,381
-119.6639428,36.63338775,444
-119.6639426,36.63359719,381
-119.6639425,36.633983,306
-119.6639386,36.63320148,444
-119.6639321,36.62422593,743
-119.663919,36.632055,438
-119.6638705,36.6202295,40
-119.6638597,36.61679063,413
-119.6638505,36.622437,339
-119.663842,36.63489443,489
-119.663785,36.63109738,949
-119.663762,36.6204935,40
-119.6637427,36.61762289,680
-119.6637409,36.63420305,277
-119.6636403,36.62252787,339
-119.663557,36.6202026,40
-119.6634953,36.63113375,623
-119.6634808,36.63419629,277
-119.6634356,36.63245461,986
-119.6634343,36.63283719,710
-119.6634342,36.63332953,418
-119.6634326,36.63374441,914
-119.6632689,36.63113183,623
-119.6632215,36.634192,607
-119.663213,36.6333,418
-119.663192,36.6328675,443
-119.6631882,36.63374406,93
-119.66318,36.63246594,747
-119.663129,36.6176845,936
-119.6630885,36.63003,65
-119.6630266,36.63111194,295
-119.6630012,36.63417645,607
-119.6629774,36.63333232,477
-119.662961,36.63245175,747
-119.66296,36.63284681,443
-119.6629454,36.6337166,93
-119.6629225,36.6302855,65
-119.662879,36.630167,65
-119.6627655,36.631155,295
-119.6627376,36.63416433,541
-119.6627255,36.631565,435
-119.6627185,36.6324455,510
-119.6627175,36.6332895,655
-119.6627099,36.63280516,415
-119.6627061,36.631977,783
-119.6626939,36.63372269,246
-119.6625423,36.63055094,630
-119.6625185,36.63112928,214
-119.6625157,36.63417455,541
-119.6625124,36.63594675,862
-119.6624893,36.63337459,655
-119.6624891,36.63193257,783
-119.6624866,36.63158727,435
-119.6624865,36.6325025,510
-119.6624855,36.632825,415
-119.6624713,36.6337276,246
-119.6624605,36.638279,709
-119.6622983,36.63112714,214
-119.6622731,36.6341787,468
-119.662248,36.6337355,978
-119.6622423,36.63159056,798
-119.662241,36.63195772,946
-119.6622345,36.63283,358
-119.6622248,36.63248333,810
-119.6622227,36.63334422,954
-119.6621725,36.635632,691
-119.6620346,36.63159496,798
-119.6620288,36.63195269,946
-119.6620155,36.6328295,358
-119.6620075,36.6324655,810
-119.6619883,36.63333926,556
-119.6619841,36.63370458,341
-119.6617805,36.63278393,182
-119.6617689,36.63194004,918
-119.6617675,36.6315575,377
-119.6617634,36.63112209,657
-119.661763,36.6333335,556
-119.6617604,36.63247839,182
-119.6617535,36.63372287,341
-119.661735,36.634174,487
-119.6615367,36.63158429,377
-119.6615324,36.63110546,657
-119.6615274,36.63197901,251
-119.6615245,36.63248943,398
-119.6615165,36.6332955,248
-119.661507,36.63283183,417
-119.6615008,36.63370201,729
-119.6614914,36.63416518,487
-119.6614215,36.616603,622
-119.6613109,36.6324555,398
-119.6612926,36.63331179,248
-119.6612907,36.6316261,598
-119.6612905,36.6165455,622
-119.66129,36.632004,251
-119.6612882,36.63371675,729
-119.6612866,36.63284166,417
-119.661258,36.63107554,181
-119.661254,36.617177,976
-119.6612482,36.63422225,928
-119.661057,36.63158453,598
-119.6610466,36.63198144,432
-119.661045,36.63244796,189
-119.6610433,36.63372262,365
-119.6610383,36.6328032,378
-119.6610311,36.63332503,508
-119.6610144,36.63112208,181
-119.6610079,36.63417119,293
-119.660995,36.617127,56
-119.6609928,36.61722853,56
-119.6609885,36.629742,186
-119.66096,36.6169073,56
-119.6609535,36.630054,186
-119.660942,36.61648096,411
-119.6608665,36.6171915,56
-119.6608585,36.6174325,697
-119.6608352,36.63196718,432
-119.6608243,36.63285265,378
-119.6608116,36.63367629,365
-119.6608115,36.632423,189
-119.6608113,36.63155605,324
-119.6608084,36.63330953,508
-119.6607768,36.63419052,293
-119.6607501,36.63111635,670
-119.66064,36.617299,697
-119.6605831,36.63158527,324
-119.6605785,36.63198047,460
-119.6605776,36.63245071,982
-119.6605725,36.63283654,572
-119.6605696,36.63372365,926
-119.6605643,36.63329185,931
-119.660531,36.6310365,670
-119.6605162,36.63417536,137
-119.6604396,36.61664275,2
-119.6603435,36.6165395,2
-119.660333,36.616745,2
-119.660325,36.616388,2
-119.6602805,36.616644,2
-119.6602715,36.63109347,908
-119.6602464,36.63419425,137
-119.660177,36.616745,2
-119.6601005,36.631845,71
-119.6600795,36.632426,92
-119.6600704,36.63165093,71
-119.6600685,36.6335855,35
-119.660068,36.63281216,449
-119.6600666,36.63397993,35
-119.6600645,36.632229,92
-119.6600636,36.63299324,449
-119.6600602,36.63261254,92
-119.6600593,36.63319433,782
-119.6600557,36.63376768,35
-119.6600456,36.63201557,71
-119.6600351,36.63336808,782
-119.6600304,36.63127749,297
-119.6599665,36.631471,297
-119.659831,36.6392585,551
